{
  "spire_name": "back-right",
  "universe": 45,
  "total_pixels": 112,
  "total_channels": 336,
  "n_strands": 8,
  "apex": [
    12.9685,
    15.2917,
    6.979
  ],
  "base_center": [
    12.9685,
    7.9796,
    6.979
  ],
  "strand_length_m": 7.3651,
  "strands": [
    {
      "strand_index": 0,
      "base_vertex": [
        12.08627391185873,
        7.9796249999999995,
        6.97896
      ],
      "strand_length_m": 7.3651,
      "strand_angle_deg": -180.0,
      "universe": 45,
      "universe_start_channel": 1,
      "n_pixels": 14,
      "pixel_positions": [
        [
          12.13,
          8.3421,
          6.979
        ],
        [
          12.1899,
          8.8385,
          6.979
        ],
        [
          12.2498,
          9.3349,
          6.979
        ],
        [
          12.3097,
          9.8313,
          6.979
        ],
        [
          12.3696,
          10.3277,
          6.979
        ],
        [
          12.4295,
          10.8241,
          6.979
        ],
        [
          12.4894,
          11.3205,
          6.979
        ],
        [
          12.5493,
          11.8169,
          6.979
        ],
        [
          12.6091,
          12.3133,
          6.979
        ],
        [
          12.669,
          12.8097,
          6.979
        ],
        [
          12.7289,
          13.3061,
          6.979
        ],
        [
          12.7888,
          13.8025,
          6.979
        ],
        [
          12.8487,
          14.2989,
          6.979
        ],
        [
          12.9086,
          14.7953,
          6.979
        ]
      ]
    },
    {
      "strand_index": 1,
      "base_vertex": [
        12.344657989292196,
        7.9796249999999995,
        6.355165655958863
      ],
      "strand_length_m": 7.3651,
      "strand_angle_deg": -135.0,
      "universe": 45,
      "universe_start_channel": 43,
      "n_pixels": 14,
      "pixel_positions": [
        [
          12.3756,
          8.3421,
          6.3861
        ],
        [
          12.4179,
          8.8385,
          6.4284
        ],
        [
          12.4603,
          9.3349,
          6.4708
        ],
        [
          12.5026,
          9.8313,
          6.5131
        ],
        [
          12.545,
          10.3277,
          6.5555
        ],
        [
          12.5873,
          10.8241,
          6.5978
        ],
        [
          12.6297,
          11.3205,
          6.6402
        ],
        [
          12.672,
          11.8169,
          6.6825
        ],
        [
          12.7144,
          12.3133,
          6.7249
        ],
        [
          12.7567,
          12.8097,
          6.7672
        ],
        [
          12.7991,
          13.3061,
          6.8096
        ],
        [
          12.8414,
          13.8025,
          6.8519
        ],
        [
          12.8838,
          14.2989,
          6.8943
        ],
        [
          12.9261,
          14.7953,
          6.9366
        ]
      ]
    },
    {
      "strand_index": 2,
      "base_vertex": [
        12.968452333333333,
        7.9796249999999995,
        6.096781578525396
      ],
      "strand_length_m": 7.3651,
      "strand_angle_deg": -90.0,
      "universe": 45,
      "universe_start_channel": 85,
      "n_pixels": 14,
      "pixel_positions": [
        [
          12.9685,
          8.3421,
          6.1405
        ],
        [
          12.9685,
          8.8385,
          6.2004
        ],
        [
          12.9685,
          9.3349,
          6.2603
        ],
        [
          12.9685,
          9.8313,
          6.3202
        ],
        [
          12.9685,
          10.3277,
          6.3801
        ],
        [
          12.9685,
          10.8241,
          6.44
        ],
        [
          12.9685,
          11.3205,
          6.4999
        ],
        [
          12.9685,
          11.8169,
          6.5598
        ],
        [
          12.9685,
          12.3133,
          6.6196
        ],
        [
          12.9685,
          12.8097,
          6.6795
        ],
        [
          12.9685,
          13.3061,
          6.7394
        ],
        [
          12.9685,
          13.8025,
          6.7993
        ],
        [
          12.9685,
          14.2989,
          6.8592
        ],
        [
          12.9685,
          14.7953,
          6.9191
        ]
      ]
    },
    {
      "strand_index": 3,
      "base_vertex": [
        13.59224667737447,
        7.9796249999999995,
        6.355165655958864
      ],
      "strand_length_m": 7.3651,
      "strand_angle_deg": -45.0,
      "universe": 45,
      "universe_start_channel": 127,
      "n_pixels": 14,
      "pixel_positions": [
        [
          13.5613,
          8.3421,
          6.3861
        ],
        [
          13.519,
          8.8385,
          6.4284
        ],
        [
          13.4766,
          9.3349,
          6.4708
        ],
        [
          13.4343,
          9.8313,
          6.5131
        ],
        [
          13.3919,
          10.3277,
          6.5555
        ],
        [
          13.3496,
          10.8241,
          6.5978
        ],
        [
          13.3073,
          11.3205,
          6.6402
        ],
        [
          13.2649,
          11.8169,
          6.6825
        ],
        [
          13.2226,
          12.3133,
          6.7249
        ],
        [
          13.1802,
          12.8097,
          6.7672
        ],
        [
          13.1379,
          13.3061,
          6.8096
        ],
        [
          13.0955,
          13.8025,
          6.8519
        ],
        [
          13.0532,
          14.2989,
          6.8943
        ],
        [
          13.0108,
          14.7953,
          6.9366
        ]
      ]
    },
    {
      "strand_index": 4,
      "base_vertex": [
        13.850630754807938,
        7.9796249999999995,
        6.978960000000002
      ],
      "strand_length_m": 7.3651,
      "strand_angle_deg": -0.0,
      "universe": 45,
      "universe_start_channel": 169,
      "n_pixels": 14,
      "pixel_positions": [
        [
          13.8069,
          8.3421,
          6.979
        ],
        [
          13.747,
          8.8385,
          6.979
        ],
        [
          13.6871,
          9.3349,
          6.979
        ],
        [
          13.6272,
          9.8313,
          6.979
        ],
        [
          13.5674,
          10.3277,
          6.979
        ],
        [
          13.5075,
          10.8241,
          6.979
        ],
        [
          13.4476,
          11.3205,
          6.979
        ],
        [
          13.3877,
          11.8169,
          6.979
        ],
        [
          13.3278,
          12.3133,
          6.979
        ],
        [
          13.2679,
          12.8097,
          6.979
        ],
        [
          13.208,
          13.3061,
          6.979
        ],
        [
          13.1482,
          13.8025,
          6.979
        ],
        [
          13.0883,
          14.2989,
          6.979
        ],
        [
          13.0284,
          14.7953,
          6.979
        ]
      ]
    },
    {
      "strand_index": 5,
      "base_vertex": [
        13.59224667737447,
        7.9796249999999995,
        7.602754344041139
      ],
      "strand_length_m": 7.3651,
      "strand_angle_deg": 45.0,
      "universe": 45,
      "universe_start_channel": 211,
      "n_pixels": 14,