{
  "spire_name": "back-left",
  "universe": 44,
  "total_pixels": 112,
  "total_channels": 336,
  "n_strands": 8,
  "apex": [
    12.9939,
    15.2917,
    -7.6768
  ],
  "base_center": [
    12.9939,
    7.9796,
    -7.6768
  ],
  "strand_length_m": 7.3651,
  "strands": [
    {
      "strand_index": 0,
      "base_vertex": [
        12.111673411858726,
        7.9796249999999995,
        -7.67684
      ],
      "strand_length_m": 7.3651,
      "strand_angle_deg": -180.0,
      "universe": 44,
      "universe_start_channel": 1,
      "n_pixels": 14,
      "pixel_positions": [
        [
          12.1554,
          8.3421,
          -7.6768
        ],
        [
          12.2153,
          8.8385,
          -7.6768
        ],
        [
          12.2752,
          9.3349,
          -7.6768
        ],
        [
          12.3351,
          9.8313,
          -7.6768
        ],
        [
          12.395,
          10.3277,
          -7.6768
        ],
        [
          12.4549,
          10.8241,
          -7.6768
        ],
        [
          12.5148,
          11.3205,
          -7.6768
        ],
        [
          12.5747,
          11.8169,
          -7.6768
        ],
        [
          12.6345,
          12.3133,
          -7.6768
        ],
        [
          12.6944,
          12.8097,
          -7.6768
        ],
        [
          12.7543,
          13.3061,
          -7.6768
        ],
        [
          12.8142,
          13.8025,
          -7.6768
        ],
        [
          12.8741,
          14.2989,
          -7.6768
        ],
        [
          12.934,
          14.7953,
          -7.6768
        ]
      ]
    },
    {
      "strand_index": 1,
      "base_vertex": [
        12.370057489292195,
        7.9796249999999995,
        -8.30063434404114
      ],
      "strand_length_m": 7.3651,
      "strand_angle_deg": -135.0,
      "universe": 44,
      "universe_start_channel": 43,
      "n_pixels": 14,
      "pixel_positions": [
        [
          12.401,
          8.3421,
          -8.2697
        ],
        [
          12.4433,
          8.8385,
          -8.2274
        ],
        [
          12.4857,
          9.3349,
          -8.185
        ],
        [
          12.528,
          9.8313,
          -8.1427
        ],
        [
          12.5704,
          10.3277,
          -8.1003
        ],
        [
          12.6127,
          10.8241,
          -8.058
        ],
        [
          12.6551,
          11.3205,
          -8.0156
        ],
        [
          12.6974,
          11.8169,
          -7.9733
        ],
        [
          12.7398,
          12.3133,
          -7.9309
        ],
        [
          12.7821,
          12.8097,
          -7.8886
        ],
        [
          12.8245,
          13.3061,
          -7.8462
        ],
        [
          12.8668,
          13.8025,
          -7.8039
        ],
        [
          12.9092,
          14.2989,
          -7.7615
        ],
        [
          12.9515,
          14.7953,
          -7.7192
        ]
      ]
    },
    {
      "strand_index": 2,
      "base_vertex": [
        12.993851833333332,
        7.9796249999999995,
        -8.559018421474606
      ],
      "strand_length_m": 7.3651,
      "strand_angle_deg": -90.0,
      "universe": 44,
      "universe_start_channel": 85,
      "n_pixels": 14,
      "pixel_positions": [
        [
          12.9939,
          8.3421,
          -8.5153
        ],
        [
          12.9939,
          8.8385,
          -8.4554
        ],
        [
          12.9939,
          9.3349,
          -8.3955
        ],
        [
          12.9939,
          9.8313,
          -8.3356
        ],
        [
          12.9939,
          10.3277,
          -8.2757
        ],
        [
          12.9939,
          10.8241,
          -8.2158
        ],
        [
          12.9939,
          11.3205,
          -8.1559
        ],
        [
          12.9939,
          11.8169,
          -8.096
        ],
        [
          12.9939,
          12.3133,
          -8.0362
        ],
        [
          12.9939,
          12.8097,
          -7.9763
        ],
        [
          12.9939,
          13.3061,
          -7.9164
        ],
        [
          12.9939,
          13.8025,
          -7.8565
        ],
        [
          12.9939,
          14.2989,
          -7.7966
        ],
        [
          12.9939,
          14.7953,
          -7.7367
        ]
      ]
    },
    {
      "strand_index": 3,
      "base_vertex": [
        13.617646177374471,
        7.9796249999999995,
        -8.300634344041137
      ],
      "strand_length_m": 7.3651,
      "strand_angle_deg": -45.0,
      "universe": 44,
      "universe_start_channel": 127,
      "n_pixels": 14,
      "pixel_positions": [
        [
          13.5867,
          8.3421,
          -8.2697
        ],
        [
          13.5444,
          8.8385,
          -8.2274
        ],
        [
          13.502,
          9.3349,
          -8.185
        ],
        [
          13.4597,
          9.8313,
          -8.1427
        ],
        [
          13.4173,
          10.3277,
          -8.1003
        ],
        [
          13.375,
          10.8241,
          -8.058
        ],
        [
          13.3327,
          11.3205,
          -8.0156
        ],
        [
          13.2903,
          11.8169,
          -7.9733
        ],
        [
          13.248,
          12.3133,
          -7.9309
        ],
        [
          13.2056,
          12.8097,
          -7.8886
        ],
        [
          13.1633,
          13.3061,
          -7.8462
        ],
        [
          13.1209,
          13.8025,
          -7.8039
        ],
        [
          13.0786,
          14.2989,
          -7.7615
        ],
        [
          13.0362,
          14.7953,
          -7.7192
        ]
      ]
    },
    {
      "strand_index": 4,
      "base_vertex": [
        13.876030254807938,
        7.9796249999999995,
        -7.6768399999999986
      ],
      "strand_length_m": 7.3651,
      "strand_angle_deg": -0.0,
      "universe": 44,
      "universe_start_channel": 169,
      "n_pixels": 14,
      "pixel_positions": [
        [
          13.8323,
          8.3421,
          -7.6768
        ],
        [
          13.7724,
          8.8385,
          -7.6768
        ],
        [
          13.7125,
          9.3349,
          -7.6768
        ],
        [
          13.6526,
          9.8313,
          -7.6768
        ],
        [
          13.5928,
          10.3277,
          -7.6768
        ],
        [
          13.5329,
          10.8241,
          -7.6768
        ],
        [
          13.473,
          11.3205,
          -7.6768
        ],
        [
          13.4131,
          11.8169,
          -7.6768
        ],
        [
          13.3532,
          12.3133,
          -7.6768
        ],
        [
          13.2933,
          12.8097,
          -7.6768
        ],
        [
          13.2334,
          13.3061,
          -7.6768
        ],
        [
          13.1736,
          13.8025,
          -7.6768
        ],
        [
          13.1137,
          14.2989,
          -7.6768
        ],
        [
          13.0538,
          14.7953,
          -7.6768
        ]
      ]
    },
    {
      "strand_index": 5,
      "base_vertex": [
        13.61764617737447,
        7.9796249999999995,
        -7.053045655958861
      ],
      "strand_length_m": 7.3651,
      "strand_angle_deg": 45.0,
      "universe": 44,
      "universe_start_channel": 211,
      "n_pixels": 14,