{
  "spire_name": "front-left",
  "universe": 42,
  "total_pixels": 112,
  "total_channels": 336,
  "n_strands": 8,
  "apex": [
    -9.8505,
    19.1992,
    -5.2384
  ],
  "base_center": [
    -9.8505,
    11.9244,
    -5.2384
  ],
  "strand_length_m": 7.3281,
  "strands": [
    {
      "strand_index": 0,
      "base_vertex": [
        -10.291566061297953,
        11.924394,
        -6.002429106171271
      ],
      "strand_length_m": 7.3281,
      "strand_angle_deg": -120.0,
      "universe": 42,
      "universe_start_channel": 1,
      "n_pixels": 14,
      "pixel_positions": [
        [
          -10.2718,
          12.2501,
          -5.9682
        ],
        [
          -10.2417,
          12.7465,
          -5.9161
        ],
        [
          -10.2116,
          13.2429,
          -5.864
        ],
        [
          -10.1815,
          13.7392,
          -5.8118
        ],
        [
          -10.1514,
          14.2356,
          -5.7597
        ],
        [
          -10.1213,
          14.732,
          -5.7076
        ],
        [
          -10.0912,
          15.2283,
          -5.6555
        ],
        [
          -10.0611,
          15.7247,
          -5.6033
        ],
        [
          -10.0311,
          16.221,
          -5.5512
        ],
        [
          -10.001,
          16.7174,
          -5.4991
        ],
        [
          -9.9709,
          17.2138,
          -5.4469
        ],
        [
          -9.9408,
          17.7101,
          -5.3948
        ],
        [
          -9.9107,
          18.2065,
          -5.3427
        ],
        [
          -9.8806,
          18.7029,
          -5.2906
        ]
      ]
    },
    {
      "strand_index": 1,
      "base_vertex": [
        -9.622152237440172,
        11.924394,
        -6.090558826226216
      ],
      "strand_length_m": 7.3281,
      "strand_angle_deg": -75.0,
      "universe": 42,
      "universe_start_channel": 43,
      "n_pixels": 14,
      "pixel_positions": [
        [
          -9.6324,
          12.2501,
          -6.0524
        ],
        [
          -9.648,
          12.7465,
          -5.9943
        ],
        [
          -9.6635,
          13.2429,
          -5.9361
        ],
        [
          -9.6791,
          13.7392,
          -5.878
        ],
        [
          -9.6947,
          14.2356,
          -5.8198
        ],
        [
          -9.7103,
          14.732,
          -5.7617
        ],
        [
          -9.7258,
          15.2283,
          -5.7036
        ],
        [
          -9.7414,
          15.7247,
          -5.6454
        ],
        [
          -9.757,
          16.221,
          -5.5873
        ],
        [
          -9.7726,
          16.7174,
          -5.5291
        ],
        [
          -9.7882,
          17.2138,
          -5.471
        ],
        [
          -9.8037,
          17.7101,
          -5.4129
        ],
        [
          -9.8193,
          18.2065,
          -5.3547
        ],
        [
          -9.8349,
          18.7029,
          -5.2966
        ]
      ]
    },
    {
      "strand_index": 2,
      "base_vertex": [
        -9.086488060495395,
        11.924394,
        -5.679528894631286
      ],
      "strand_length_m": 7.3281,
      "strand_angle_deg": -30.0,
      "universe": 42,
      "universe_start_channel": 85,
      "n_pixels": 14,
      "pixel_positions": [
        [
          -9.1207,
          12.2501,
          -5.6598
        ],
        [
          -9.1728,
          12.7465,
          -5.6297
        ],
        [
          -9.225,
          13.2429,
          -5.5996
        ],
        [
          -9.2771,
          13.7392,
          -5.5695
        ],
        [
          -9.3292,
          14.2356,
          -5.5394
        ],
        [
          -9.3813,
          14.732,
          -5.5093
        ],
        [
          -9.4335,
          15.2283,
          -5.4792
        ],
        [
          -9.4856,
          15.7247,
          -5.4491
        ],
        [
          -9.5377,
          16.221,
          -5.419
        ],
        [
          -9.5898,
          16.7174,
          -5.3889
        ],
        [
          -9.642,
          17.2138,
          -5.3588
        ],
        [
          -9.6941,
          17.7101,
          -5.3287
        ],
        [
          -9.7462,
          18.2065,
          -5.2986
        ],
        [
          -9.7983,
          18.7029,
          -5.2685
        ]
      ]
    },
    {
      "strand_index": 3,
      "base_vertex": [
        -8.99835834044045,
        11.924394,
        -5.010115070773506
      ],
      "strand_length_m": 7.3281,
      "strand_angle_deg": 15.0,
      "universe": 42,
      "universe_start_channel": 127,
      "n_pixels": 14,
      "pixel_positions": [
        [
          -9.0365,
          12.2501,
          -5.0203
        ],
        [
          -9.0947,
          12.7465,
          -5.0359
        ],
        [
          -9.1528,
          13.2429,
          -5.0515
        ],
        [
          -9.2109,
          13.7392,
          -5.0671
        ],
        [
          -9.2691,
          14.2356,
          -5.0827
        ],
        [
          -9.3272,
          14.732,
          -5.0982
        ],
        [
          -9.3854,
          15.2283,
          -5.1138
        ],
        [
          -9.4435,
          15.7247,
          -5.1294
        ],
        [
          -9.5016,
          16.221,
          -5.145
        ],
        [
          -9.5598,
          16.7174,
          -5.1605
        ],
        [
          -9.6179,
          17.2138,
          -5.1761
        ],
        [
          -9.6761,
          17.7101,
          -5.1917
        ],
        [
          -9.7342,
          18.2065,
          -5.2073
        ],
        [
          -9.7923,
          18.7029,
          -5.2229
        ]
      ]
    },
    {
      "strand_index": 4,
      "base_vertex": [
        -9.409388272035379,
        11.924394,
        -4.474450893828729
      ],
      "strand_length_m": 7.3281,
      "strand_angle_deg": 60.0,
      "universe": 42,
      "universe_start_channel": 169,
      "n_pixels": 14,
      "pixel_positions": [
        [
          -9.4291,
          12.2501,
          -4.5087
        ],
        [
          -9.4592,
          12.7465,
          -4.5608
        ],
        [
          -9.4893,
          13.2429,
          -4.6129
        ],
        [
          -9.5194,
          13.7392,
          -4.665
        ],
        [
          -9.5495,
          14.2356,
          -4.7172
        ],
        [
          -9.5796,
          14.732,
          -4.7693
        ],
        [
          -9.6097,
          15.2283,
          -4.8214
        ],
        [
          -9.6398,
          15.7247,
          -4.8735
        ],
        [
          -9.6699,
          16.221,
          -4.9257
        ],
        [
          -9.7,
          16.7174,
          -4.9778
        ],
        [
          -9.7301,
          17.2138,
          -5.0299
        ],
        [
          -9.7602,
          17.7101,
          -5.0821
        ],
        [
          -9.7903,
          18.2065,
          -5.1342
        ],
        [
          -9.8204,
          18.7029,
          -5.1863
        ]
      ]
    },
    {
      "strand_index": 5,
      "base_vertex": [
        -10.07880209589316,
        11.924394,
        -4.3863211737737835
      ],
      "strand_length_m": 7.3281,
      "strand_angle_deg": 105.0,
      "universe": 42,
      "universe_start_channel": 211,
      "n_pixels": 14,