{
  "spire_name": "front-right",
  "universe": 43,
  "total_pixels": 112,
  "total_channels": 336,
  "n_strands": 8,
  "apex": [
    -9.8505,
    19.1992,
    4.5152
  ],
  "base_center": [
    -9.8505,
    11.9244,
    4.5152
  ],
  "strand_length_m": 7.3281,
  "strands": [
    {
      "strand_index": 0,
      "base_vertex": [
        -10.291566061297953,
        11.924394,
        3.7511718938287295
      ],
      "strand_length_m": 7.3281,
      "strand_angle_deg": -120.0,
      "universe": 43,
      "universe_start_channel": 1,
      "n_pixels": 14,
      "pixel_positions": [
        [
          -10.2718,
          12.2501,
          3.7854
        ],
        [
          -10.2417,
          12.7465,
          3.8375
        ],
        [
          -10.2116,
          13.2429,
          3.8896
        ],
        [
          -10.1815,
          13.7392,
          3.9418
        ],
        [
          -10.1514,
          14.2356,
          3.9939
        ],
        [
          -10.1213,
          14.732,
          4.046
        ],
        [
          -10.0912,
          15.2283,
          4.0981
        ],
        [
          -10.0611,
          15.7247,
          4.1503
        ],
        [
          -10.0311,
          16.221,
          4.2024
        ],
        [
          -10.001,
          16.7174,
          4.2545
        ],
        [
          -9.9709,
          17.2138,
          4.3067
        ],
        [
          -9.9408,
          17.7101,
          4.3588
        ],
        [
          -9.9107,
          18.2065,
          4.4109
        ],
        [
          -9.8806,
          18.7029,
          4.463
        ]
      ]
    },
    {
      "strand_index": 1,
      "base_vertex": [
        -9.622152237440172,
        11.924394,
        3.6630421737737837
      ],
      "strand_length_m": 7.3281,
      "strand_angle_deg": -75.0,
      "universe": 43,
      "universe_start_channel": 43,
      "n_pixels": 14,
      "pixel_positions": [
        [
          -9.6324,
          12.2501,
          3.7012
        ],
        [
          -9.648,
          12.7465,
          3.7593
        ],
        [
          -9.6635,
          13.2429,
          3.8175
        ],
        [
          -9.6791,
          13.7392,
          3.8756
        ],
        [
          -9.6947,
          14.2356,
          3.9338
        ],
        [
          -9.7103,
          14.732,
          3.9919
        ],
        [
          -9.7258,
          15.2283,
          4.05
        ],
        [
          -9.7414,
          15.7247,
          4.1082
        ],
        [
          -9.757,
          16.221,
          4.1663
        ],
        [
          -9.7726,
          16.7174,
          4.2245
        ],
        [
          -9.7882,
          17.2138,
          4.2826
        ],
        [
          -9.8037,
          17.7101,
          4.3407
        ],
        [
          -9.8193,
          18.2065,
          4.3989
        ],
        [
          -9.8349,
          18.7029,
          4.457
        ]
      ]
    },
    {
      "strand_index": 2,
      "base_vertex": [
        -9.086488060495395,
        11.924394,
        4.074072105368713
      ],
      "strand_length_m": 7.3281,
      "strand_angle_deg": -30.0,
      "universe": 43,
      "universe_start_channel": 85,
      "n_pixels": 14,
      "pixel_positions": [
        [
          -9.1207,
          12.2501,
          4.0938
        ],
        [
          -9.1728,
          12.7465,
          4.1239
        ],
        [
          -9.225,
          13.2429,
          4.154
        ],
        [
          -9.2771,
          13.7392,
          4.1841
        ],
        [
          -9.3292,
          14.2356,
          4.2142
        ],
        [
          -9.3813,
          14.732,
          4.2443
        ],
        [
          -9.4335,
          15.2283,
          4.2744
        ],
        [
          -9.4856,
          15.7247,
          4.3045
        ],
        [
          -9.5377,
          16.221,
          4.3346
        ],
        [
          -9.5898,
          16.7174,
          4.3647
        ],
        [
          -9.642,
          17.2138,
          4.3948
        ],
        [
          -9.6941,
          17.7101,
          4.4249
        ],
        [
          -9.7462,
          18.2065,
          4.455
        ],
        [
          -9.7983,
          18.7029,
          4.4851
        ]
      ]
    },
    {
      "strand_index": 3,
      "base_vertex": [
        -8.99835834044045,
        11.924394,
        4.743485929226493
      ],
      "strand_length_m": 7.3281,
      "strand_angle_deg": 15.0,
      "universe": 43,
      "universe_start_channel": 127,
      "n_pixels": 14,
      "pixel_positions": [
        [
          -9.0365,
          12.2501,
          4.7333
        ],
        [
          -9.0947,
          12.7465,
          4.7177
        ],
        [
          -9.1528,
          13.2429,
          4.7021
        ],
        [
          -9.2109,
          13.7392,
          4.6865
        ],
        [
          -9.2691,
          14.2356,
          4.6709
        ],
        [
          -9.3272,
          14.732,
          4.6554
        ],
        [
          -9.3854,
          15.2283,
          4.6398
        ],
        [
          -9.4435,
          15.7247,
          4.6242
        ],
        [
          -9.5016,
          16.221,
          4.6086
        ],
        [
          -9.5598,
          16.7174,
          4.5931
        ],
        [
          -9.6179,
          17.2138,
          4.5775
        ],
        [
          -9.6761,
          17.7101,
          4.5619
        ],
        [
          -9.7342,
          18.2065,
          4.5463
        ],
        [
          -9.7923,
          18.7029,
          4.5307
        ]
      ]
    },
    {
      "strand_index": 4,
      "base_vertex": [
        -9.409388272035379,
        11.924394,
        5.2791501061712705
      ],
      "strand_length_m": 7.3281,
      "strand_angle_deg": 60.0,
      "universe": 43,
      "universe_start_channel": 169,
      "n_pixels": 14,
      "pixel_positions": [
        [
          -9.4291,
          12.2501,
          5.2449
        ],
        [
          -9.4592,
          12.7465,
          5.1928
        ],
        [
          -9.4893,
          13.2429,
          5.1407
        ],
        [
          -9.5194,
          13.7392,
          5.0886
        ],
        [
          -9.5495,
          14.2356,
          5.0364
        ],
        [
          -9.5796,
          14.732,
          4.9843
        ],
        [
          -9.6097,
          15.2283,
          4.9322
        ],
        [
          -9.6398,
          15.7247,
          4.8801
        ],
        [
          -9.6699,
          16.221,
          4.8279
        ],
        [
          -9.7,
          16.7174,
          4.7758
        ],
        [
          -9.7301,
          17.2138,
          4.7237
        ],
        [
          -9.7602,
          17.7101,
          4.6715
        ],
        [
          -9.7903,
          18.2065,
          4.6194
        ],
        [
          -9.8204,
          18.7029,
          4.5673
        ]
      ]
    },
    {
      "strand_index": 5,
      "base_vertex": [
        -10.07880209589316,
        11.924394,
        5.367279826226216
      ],
      "strand_length_m": 7.3281,
      "strand_angle_deg": 105.0,
      "universe": 43,
      "universe_start_channel": 211,
      "n_pixels": 14,